,category,filename,filesha256,imagesha256,color_dHash192
0,dbisjhzz MALWARE,dbikuubr.exe,0043a0e3d7ac01f0a24bceeaba478cf35481b4755a14de906aebeda60ee69809,1ab38688b23786d4eb77dcc062b700753a61d29015a698b1a4dc4f94ddd6a8b7,a942850a54a10ad53c7c7c7c7c7c7c7c5495a52a5215a84a
1,dbisjhzz MALWARE,dbikuubr.exe,005786dca2657311071622591b6c9e43774125613294d5f02c2be8e10fd1c1eb,a7dcf0e9c532e1992a95938658500cdd7e0400c9fff59f68e61c195a566e2ba1,a942852850a10ad57c7c7c7c7c7c7c3c5495ad2a5215a84a
2,dbisjhzz MALWARE,dbisjhzz.exe,008171aeaf27f8a9566f56c3267f9ce67085f94c25d2bcbcfe339226996cdefa,4bf09c9034e7d7b4cf135def24268fe02695fd17194daaad93961d6b55269445,a942852a50a10ad53c7c7c7c7c7c7c3c5695ad2a5215a84a
3,lollipop_adware_graftor_VT,lollipop_12062228.exe,006d9b35c7cc0c87c1aa7d7941befc08c4be1b72267dc06d5635f419ab72c7d4,ef8204b260c08af32300ef3bc7299d1c686a54c71073cb1294ec1cf90825a00b,48800000000040925200000181011124
4,lollipop_adware_graftor_VT,lollipop_12140006.exe,001342b62633cddb629679466c6baa45442fff7c2f20e7a83b5821b042c12d77,24d3d5561d4dcbb055422570863dd036afb4d3101857535dc5efb1242e801e92,48800000000040925a04020981050224
6,googleupdate,googleupdate.exe,006618f7c418c071b49da26ace946ace1f2bdb5b63224010dda16ed645acbf2c,52b59b29fee8622e0f502c32787e1d1e824af6d59ad704950e53184f183cd2d5,52b2f645899193130220000000408174d4a9d52a54a8552d
7,googleupdate,googleupdate.exe,00c3d4e1323c52c1de43c02676de8e2c23a94d5a4a55d8809b5ad490de209ba6,dcfde78ffa43de9fd0a39f17b61d47cd6c0fdf76805141e6555d4d4c433d16d4,539276454d91b3135da255a255a24da2d4e0452a54e8452f
8,googleupdate,googleupdate.exe,0026bd7d89f39b64d80a749c45c4a443ae00e889be18221d348eade1f2fd74b7,43b82791cc6bb89a1314513b5e1b1fd3a8b439f5863107c2ab086c1713b88945,539276454991b31359a24db245aa55a2f0a1462e70a147ad
9,googleupdate,googleupdate.exe,004d60f8b3c527df1817cf598c9fc0999aa61d528cc011e55d7997db4d5c8d48,6c7c2a5ac78af6ef3aa4d01902aeed06c6a2f668ab73d48c0a10d088764be735,52b2f645c99193134a3449364936c936d4a9572a54a8552d
10,googleupdate,googleupdate.exe,00c165d41477c0c75729b9511a63f9a8bef2ffcee41060dd4fa2a5e934307a4b,9a83204c12f3e1c5e6d9a1ed102f89f6f80cb9e1b0741c0634093727ddd6018b,52b2f62589931313328000800040104254a9d52a54a855af
11,googleupdate,googleupdate.exe,009282eb5a4ed887bec9f40bd7d1e6c4a3c93d0b82ff44ab8c8d76d6656daa3f,be29558390d39fb69c628c4e3db0db797540f9d1b4c4ad2dd4c4e2034df56a40,52b2f645c991b3130220440041408174d0a2552a54a9452d
12,virtualbox,VBoxNetDHCP.exe,4c554ce52248e1409ac9bce2941afc9704caf1bb973051846989714160844b21,04c047545eaeb12ed53d9bc00984f8765d1a4893e0deb0d37e0ecd89a796c17b,81000000810000000c402082a18108204a018254800000a1
13,wininst,wininst-8.0.exe,e362670f93cdd952335b1a41e5529f184f2022ea4d41817a9781b150b062511c,51f60f149091dcdbe1564879a0ec7c05d95d4723ae4b59e62fb39803b2dba361,6d6c6e2a89c9c94dd04d98264db2b43b1e24c71560eab8ec
14,wininst,wininst-9.0.exe,52def964142be6891054d2f95256a3b05d66887964fcd66b34abfe32477e8965,5977d406332031953e299dac12387c12f60362c1130c30d7a9c7a36a8fff035c,4c6e26a29391c955d14b98264df2a47b0e0dc71551eaa8ed
15,wininst,wininst-6.0.exe,751941b4e09898c31791efeb5f90fc7367c89831d4a98637ed505e40763e287b,1b10e57b26bfbc4dd9932f8d7030b6546dc4d431924882ddb5f7cff54fbe74d6,4c6c26228293c945d86b90264db2b45b0e86e5d5747abaaf
72,all_norton,norton_download_manager-1.exe,007deb83ce0e4c5e76df3c290f2088f0a46523a04a7d255521137a5ab19caad0,19cd8c8265d34d52888e8917368dbedf15a812156d85aac92d5654b1b31c2047,31899d0a24d883cc8c3698d95a1965349130056d56960de8
73,all_norton,nisdownloader[1].exe,004265034e3bcbaccbc35f1b4e2edab5cfb2130343b1d660ccd74abf5fc61f6b,76f6585be8bd2fb44b0f9a5e4336cb51c90f847b9760a6f3a7df8396b971cb2f,318d995a0dd9864c8ca591d95a19ad3c312505c956b40dca
74,all_norton,nortonn360downloader.exe,00535530a2be5949d629aca7e7ff44b938ceefa14a9b8f4823d8f94385c683fc,862123f1631e42bf2f087dc3fe7e68ec9278807c286b71c7a03dadd502405875,31899d4a24d883cc4c3698895a196519b130356dd2d04d6c
75,all_norton,n360downloader.exe,00183a1667b66ad5651b49044e6a6aca1a465996cd4a365103c6a37a05b1032a,ea651318991df5a59468d8dfc61f772edb8f633d68bba7b1b2a465e7911ef20b,31899d4a0dd886cc4c3698895a19e519b130356d5290056c
76,all_norton,navdownloader[1].exe,005a102bb02d7fe283f938626c9a628271017ec14ff9cac568a34088db23c5f0,47d17cdca789617eb75cb822c9c2beec978d2cbc9f7674ea4d2f15cb1e85ec6b,31999d4a2dd886cc4c3698895a19e5b9b130356dd2900d6c
77,all_norton,nortonn360downloader (5).exe,004c5c0bc5b5b722b588543393bf5b3cf6204a5817c33af235b229395a100d53,620d1022c9b239babfc63c02150f6933af3c37bca6609bb57b5e2f3b69941a61,31899d4a2dd887cc4c3698c95a19e5b8b130356dd2d04d6c
78,all_norton,norton_download_manager[1].exe,0093f2e707ecedf87ffb44bef1cbf427b7588aeeaded7548d75ea192750cd640,335cfc87812e1d51cd4c6a7d722ccf3616caba1dde405c8245bb6b346088b834,31899d4a24d8a3cc8c3698d95a19653c913015ed56960d68
79,all_norton,nortonnisdownloader[1].exe,00620374ddbc401a6151d5007a83054e813911df8ce0116c5ec27e4944feb91b,4e1872c4b6fcf361bd21d07c618b35b00a993c1ad3455c2aa67cb8055ff79180,31899d4a2dd887cc4c3698c95a196598b130356dd2d04d6c
80,all_norton,n360downloader.exe,00055ca29ab03c8cedc19fef39a242f958848526cf0991aefdfee35355064a64,c071107a7133423072a6aff89dbb33748359c806996a5f6378e72248a2e36b83,318d994a2dd9864c8ca591d95a19ad3c312405c956b40dca
81,all_norton,n360downloader(1).exe,00b849c59dd95cabc1369c3d0c10fbc3820a7a66e138ac5055e162b855449947,eff3aa4562799ae5723ced1b3100766928fc2fc3dd5363d2d7bbe019b8dece4f,31899d4a2dd886cc4c2498995a196439b130156d5690056c
82,all_norton,navdownloader[1].exe,004b31fc2c865527a5d2631c16210d42f1ab7aaafdc54afd03343b40e19f92e5,12443d0599baddf305b1e9876ab191b2a294cc7e7cc5cc0a50b0b2e5a1538ab2,3098990b2c5ce3ce2e36c5d95e4875a9342949d9b64c09ea
83,all_norton,nisdownloader.exe,006138bcfa0617f9baebaf4ef827c0c0c14bba664e62f06cc5825199a443800d,2b1dc44e9907c0b1a804b54268c65f6da13bcee35bcf8ba2c10e761d4894025f,31899d4a2dd887cc4c3498c99a196539b130356dd2d04d6c
84,all_norton,norton_download_manager (1).exe,00a37037feb7f885b43ec5221c6f2bc8d11f86d33d9b1447ceb655b8ae925cf8,4b8bf4186e14656b86ee6804a0b3bfd6d3f3dbf101dc829d40bb49eb311e40d8,31899d4a2cd887cc4c3698895a19651db130356dd2d00d6c
85,all_norton,norton_download_manager[1].exe,00591dc0efeb677681662f25ff80866160e2f81711a01bdc2af7593e9e9255d4,e0eaa7ac74ce1e2161242385ff2cecacf24503bada845436067905ad76ef642e,31999d0a24d8a3cc8c3698d95a196534913015ed56d60de8
86,all_norton,nisdownloader.exe,0017836e040ad27ab0c5c5935411978d88f6c26e0788591c45584dc73f914138,e665b4ae6bf97289e70423d4a3db6ea86e8dd3a6aa21aa24c7d7cb78a3d591f0,31899d0a2cd8a7cc8c3698d95a1965349130056d56960de8
87,all_norton,nortonanti-theftdownloader.exe,004f23da28a2fbd50abc92e33b0473f1c6473f146e9babc42d59bc0b8922119a,59e1d68926fce9b1d93bdc71b4a2b2cffb8105a823f17cee13c5d4da67e52486,31899d4a2dd887ce4c3698c95a196598b130156dd2d00d6c
88,all_norton,nisdownloader[1].exe,00171dccafbcfb0027460495dd789fe81c41f7d5fb88348a8db0b9b6b4345f5c,9a19512a5248e4c02404486114d534280dca0dee44914a156b81ba24b0acbf94,31899d4a2dd883cc4c3698895a1945b8b130356dd2d00d6c
89,all_norton,nisdownloader.exe,005db0f8febeb42f97a81807c3e6ae1be74f9974651f67b0a56ccfca1eb3ae43,358f67f121d4784cd9a6941a667945936fee523728cd330292d21d5a7bc3398e,338d995a2dd9864c8ca591d95a19ad3c312505c956b40dca
90,all_norton,nortonnavdownloader.exe,00073f90c83c134ed721e7c7773b590a659ffd0e5c1030ae6625eadcd78f6275,66664357135fc68ce41651fc9d80b2a1c3d88f85f04acc41f1d715b5c968ba6b,31899d4a2ddc87cc4c3698895a19e599b130356dd2d04d6c
91,all_norton,norton_download_manager[1].exe,00c56f0b12015af91f728749fa09c01f9c37c511e396f9eb837699c4556a0151,2441198e70cd1767397e6b161e3f64ebc5d93a969fcb327022943cd7160ef9c4,318d995a2dd9a70c0ca491d95a19a51cb172054dd69405e8
92,all_norton,n360downloader[1].exe,00478de6e074c3421f385ce7f0aff646c1b9673fb1c270a47582ab57cc1ed3fd,482d9bbdfba3a23f1969f329b14cdd030adf387eaa76032987e110ade4340586,31899d4a2dd883cc4c3698895a1965b9b130356dd2d04d6c
93,all_norton,n360downloader.exe,00638275cb56fffa84ce253d54a931f232e58692fbf020f77ad9289b80aa51c9,eb3b130dcf924dde342b3369deec8afcb4ccebe00c79a446b7be60f1b631446e,31899d4a2cd887cc4c3498891a19e539b130156dd69025ec
94,all_norton,n360downloader[1].exe,00b147d2ff9a9a37060ef075930221cd7e0fb33bc65f58ba7f2be03528c619d1,78cbd80689f3ccbab1909389065e2a1696acfaadc9081e928ba541c89efa5fe9,318d9d4a2dd887cc4c3698c95a19e51db130356dd2d04d6c
95,all_norton,n360downloader.exe,009806601573d2291f07e4c9d5d43e5ca09305698cb9f250ecd6c1d615cdc51a,f4a18b4988715f89eb833af679382413020100ddea910d1fb5bc3c2f3e1c5e40,3098dd0b2c5cc3cea616c4c94a4c75a8b42949d9b6cc09e8
96,all_norton,n360downloader.exe,001c6f680cc821b2970c928f20a0cfd760c4d40fa3661b0c359fd198a9d32cc3,ea4dbb181cec6e3f7e109556fe5efc2a42e2dafedf80f3e465bf9e21842f8130,31899d0a2cd883cc8c3698d95a1965349130056d56960d68
97,all_norton,nortonn360downloader(1).exe,009dedbb0342ce01b71944b46f8790f10b8f7430f393a89a92a17b2facdf2356,829afde75d2e7a812f594f895cff32486f9973f176387e66ce433aa44c93c0f0,31899d4a2cd887cc4c3698a99a196599b130356dd2d00d6c
98,all_norton,n360downloader.exe,002e1424a466b11f5a6f0fec9888db6353f43e660ca983649eb36a1d3256920a,7137df80b610ace7c67e1bf1abfbe8faff8114f21a4e1cc53813037df8745490,31899d4a2c9887cc4c3698c95a1965bdb130356dd2d04d6c
99,all_norton,n360downloader.exe,0014f221954ffe2992356287c5387217afe97194bb0e4881e2be7941a93621ab,4e9bedb9dd6f0c5a5306e5d7bd6ec7ee0208c64639bced79c868d627cfa4a536,31899d4a2dd887cc4c369889da19e599b130356dd2d00d6c
100,all_norton,n360downloader.exe,00c0942b1d11bf7cd2989b5d23e84a30ca6bad2b638019c46ef6feb1b8cb0947,a6dc3d89069ab168f02e95b81d311d1b0d0727436e35075f335fe013dd330ecf,3098d90b2c5ce3cea636c4d94a4c75a9b43949d9b64c09ea
101,all_norton,nortonn360downloader[1].exe,00900ca39aaa2f5eeff4c8ecc2a97bebaa84f2f8f03d223b7bade1669457e886,151d17cc6462f88ce88ec49a31b40221a9a589fe1f1a67832cd234cb9fa3e20a,31899d4a2dd887cccc3698a95a19e439b130356dd2d04d6c
102,all_norton,n360downloader.exe,0007d1ac2935f53b3f04f97e0b93be5aa5ccc9c1cebb5c13cded7caebacaddb5,3480892caa3c1b02adbd0e41f461446127db8db754df9773ed2f009896b4fec1,318d995a0dd9864c8ca591d95a19ad3c312505c956b40dca
103,all_norton,n360downloader.exe,000eb612167884fbaa8262b22bf163c7c7ee2b79801edc959a58d3d22ab3f039,32119f123e24d81d85a956029f2946ce385e965f82c20ddf5a84904307e9e022,338d994a2dd9874c8ca591d95a09ad3c312515c956b40dca
104,all_norton,nortonn360downloader.exe,00988759072c71b24a48a62a8ce87d555828e42232705eb4dc3bcce45c0b7499,67ad6519f0b1ab52021deb082d06382063876c5098bfeea385daaa0f6d1e45c0,31899d4a2dd887cc4c3698895a196599b130156dd2d04d6c
105,all_norton,nortonnisdownloader (1).exe,005c4cf674ca0382f68ff9d1e910341050e5254011a50cc551475faa5790fc8c,969178a458ba9cc0efc2526f24422411fb6e54252ef7da281cc82bf9557b2da9,31899d4a2cd882cc4c3698895a196519b130356dd2d00d6c
106,all_norton,navdownloader.exe,002e538d29ebb797a255d8e22e79d820dfe3c782ebe076e0ecc1fdf9bc937c08,6f4b8450f0279ef5b1a3c349e1f40d0df22e2c960dbce878180ca82f3fe4e699,31899d4a2dd887cc4c3698895a196599b130156dd2904d6c
107,all_norton,nisdownloader.exe,00759fa6edbaca86e6e9dfc9014fa27ec82d8c7269060339bcdb5a95c9b81609,5c27dd5abb44625dd0219c4e9a855a8af7ff047d862855d38e2618c6d10dd48d,31999d4a25d8a7cc8c3698d95a19653c9130056d56960de8
108,all_norton,n360downloader.exe,00c5edc2f7f04a7e6c82eaa94aab9eec5c26a6239c3966e0f2b7f6680228e237,19f981ab72e7d541862bd00a5f32dcc89f3001b8c09781d0b7300eac8d1d9419,31899d4a2cd882cc4c3698c95a19e599b130356dd2d04d6c
109,all_norton,nortonn360downloader.exe,005cb95851b5783756a37795f859bdebe5ef7ea20aef6712aa3c4cf907c68473,324b3533f6bf9190bd261bd694de433ecd84469a51a1010a27726fd53c52a418,31899d4a2ddc83cc4c3698c95a19659db130356dd2d00d6c
110,all_norton,norton_download_manager.exe,0087c84d44c8c2f68d882f6c69ebcfcde0f905d804a38efaff48c707c7408407,997abddd11a8194a9d1a80acbe6ca4d12637d9a8614cd7368d0915cd13d8be9a,31899d4a2dd887cc4c369889da19c599b130356dd2d04d6c
111,all_norton,nortonnisdownloader.exe,004368559f9c9260d20be66eade29f730fa72e18fcc3947772e7a30a80e3c8a9,2542baaa803ce7a1497e49e4b00ed20ef35d24506c727a167cbc9faccf0b371b,31899d4a2dd887cc4c3698c95a1965b8b130356dd2d00d6c
112,all_norton,nortonnisdownloader[1].exe,00c5abe9976da93ea8a2aabe6e4664a62a810c46f5ddd1ae1d498a3aadd67bc6,0b64f4bdd8d267a01738f7cca4fb80e76e9b1384112fb278275076a963e37415,31899d4a2dd887cccc3698895a19e598b130356dd2d00d6c
113,all_norton,n360downloader.exe,00c752bd0fdb831006371d63e9cda00259d804e6c7069d5bdde53904bc93c783,49ace7c43cfccdaad5ad8148d7bafb186a21424adc2a30694ea6434457e0b5bc,31899d4a2cd887cc4c3698c95a196538b130356dd2d04d6c
114,all_norton,nortonn360downloader (1).exe,00629ee69b0d17ba450868836261ecd36fc393d357304389b3eb5e9f7220807d,7886d74e290637092c9d9c6aad5d39dc94080926c3453e21e4b6ff26202612b5,31899d4a2dd887cc4c369889da19e599b130156dd2d00d6c
115,all_norton,n360downloader[1].exe,007a070c415d015f4114e2929eb7b0ede6fbd2a8a23bab42bc49fa0c57876110,c6b4b41b3ef8a08d2c9739ce8dba4a717892fd82291919823a47040fe07a47d9,328d994e8cd0ce662ea495535248652c30694992b66c49c2
116,all_norton,n360downloader[1].exe,002eb370b550efe6572057341da140e47ae9d05b670760dd221ea4d73dc0f316,a08ce52e8ec2600c7976cfd2db0b137e49c9702158754014b60c07e2a1179939,328d990e8cd0ef662ea495d35a08e52cb4696992b66849c2
117,all_norton,nortonnavdownloader.exe,0033d114ee6e44d42e5e06aa59858fec6a4042af5592f96c216aadb6709e85a4,7e51f5c1088033017a9ccb26a62966fa8c8bb48949f472ee6c8b772c9e9f4b7e,31899d4a2dd887cc4c3698895a19e599b130356dd2d04d6c
118,all_norton,nortonn360downloader.exe,001e32775c2fcc9eaef1fe951a0c1be7a6f025509a049493bce516726278dae6,91b1b155664ddc7e2d14e1f0e1364484661c914ca2da2348e056da8c2baeafb2,31899d4a2dd887cc4c3698895a19e599b130356dd2d00d6c
119,all_norton,n360downloader.exe,00bc4d090e5a10b0f9bfba4022dbe8570e01421198706ce2010255ad73c850b8,b16ef150756f524227265a871c23db129c8c08b222be32256ebe06dc1a450e35,3098990b2c5ce3ce2e36c5d95a4865a8342949d9b6cc09e8
120,all_norton,nisdownloader.exe,00a50f0facbfa71f61aa9533ab06c518c28f950e348ea3263f9e4d032caca753,5abc1fc478f106e2ed716b0ab0c2919e4973fbb77377a791e380ecdea63285ed,31899d4a2dd886cc4c2498991a196599b130356dd2d04d6c
121,all_norton,nortonnavdownloader.exe,003d07444ad6d87d01915cadfbee070b00a1414f11e259530ffc3f06eb6fc867,c1d34185270549459bae312e35157119ed81524b15dce3d66b57ff72ca353a81,31899d4a2dd887cc4c3698895a19e599b130356dd2d00d6c
122,all_norton,navdownloader.exe,00777eae788157bdabcbe54d87f9740a0cf0f74a6f5e92e4e424f19e4c0066c6,23e53358b29fd5388be7b34c1e8b9dc501a691c1c4b508b25637604a4429c2bf,31899d4a2cd887cc4c3698a95a1965199130156dd69005ec
123,all_norton,nortonn360downloader(1).exe,00a54dc7393fb5fcb3fb4406bcfe9c47a9577c36ce6350aa4c36ed1a59827729,d97ccdd33c6e360ba3a6b37d788ec716ecc546ab0ea652e670787e26d27b60c8,31899d4a2cd887cc4c3698c9da196598b130356dd2d04d6c
124,all_norton,n360downloader[1].exe,00962533f262e5f397da213d2e206a211f287100ad656fa6e1fd45e0af3b7d5e,5aee653bc7248d660a4acebe22912edc2a2f7279e04e8920b922246902a9f4c0,329d994e8cd0ee662ea495db5a08652c3469499236694dc2
125,all_norton,nisdownloader.exe,00ad42fd6b33213f513d344c37aafdf62a81a7299064c177068bc5b5d5b7af82,2e11ab7c930dd1ac1dbe532d7a270adabaf822725b0c1a8f7dff09fef8dba737,31899d4a2cd887cc4c3698895a19e598b130356dd2d04d6c
126,all_norton,norton_download_manager[1].exe,00100ded8628c05047142831afca472cbc2609776bd9f2f2c46982254c99e88c,0a7b5bac7896bf4cb4eb54ef2b2da2dcdbb5305493aa08d13ea942547b2dc1e3,30cd994e0cf1e66626a4955b5a08e12c30694992b6684dc2
127,all_norton,nortonn360downloader.exe,00bb2503cac8ce598d8ae6fc04c89f52dc13fdc73e8a3dbd6e7f0877cd158b70,61723c31d82015640ac6af6097f1e3a92c66447bcaffddcb5aca234da9797c2d,31899d4a25d887cc4c3698c95a19e599b130356dd2d04d6c
128,all_norton,nisdownloader (1).exe,000a0c57db6bbe11d7f46e6bc1f542bd5496282b6447c050b6e39de7aa78c81c,784514d547e4ed95a1eda3d94632863b37d4dc4e654e457f84d0eea363595bc4,318d9d4a2dd887cc4c3698895a196519b130356dd2d04d6c
129,all_norton,nisdownloader[1].exe,001a2264517ddf49e796092deb68a7de762622485f410542f24abbb538a9143e,85cacbcfbdcb4ece276b5bbcd8706d63fe0e6fea18218b6dea72827c6e4561c2,318d995a25d9874c0ca499d95a19a51c9176254dd69415e8
130,all_norton,n360downloader[1].exe,007e7ecda8fb400c4a6588a3e669befc5a1b537c4b140b70d8431e5612ed089f,929f631fa767cfbfd90b7ee89e74020733b28c31e77ff38e1bca829f5edd15b5,31899d4a2dd886cc4c3498d95a19e5b9b130356dd2900d6c
131,all_norton,n360downloader.exe,001a07fc2574768e2f413be23e41058b3c7809e7cd205ff1001dddcec95989a1,84aea5bd8724b5b9a8bede7e865981986a24528db8dd10a80e381ddfd1e6d872,31999d0a2dd8a3cc8c3698d95a1965349130056d56960de8
132,all_norton,n360downloader.exe,00647f068a3364156fee5990cc2f6a50f654fdb7ba8b5302d9caf353d0d20408,4693dc54db23d88786ad4e728a11cade879f75b321313a42a5cd2310349f7efb,318b9d4a2dd887cc4c3698899a196599b130356dd2d00d6c
133,all_norton,nisdownloader.exe,00b77812561395e2f6e672633bb141c09a8811a6041f142fa5c8c49892595c54,a47e0d2ba650dd9930b88048732b462dad2ce95737da57ac95178965e240bf75,31899d4a2dd887cc4c3698895a19e519b130356dd2d04d6c
134,all_norton,nisdownloader[1].exe,000fdc2563cfa61a63e04f989703bd4a3e35a426000d5b501807d3f64e731506,48f58d6f22703335db79698fc8c49267a2055a5ddf916c7443e40ba7295f0f18,318d995a0dd9864c8ca591d95a19ad3c312515c956b40dca
135,all_norton,norton_download_manager.exe,0068c7c6af4314a34bc513f3aaa61e39b81742dbd97d2489786aca88cc7e96e9,19ced5eb0b1d27166507d1d422b257c203d9ee97099fea2b61b5008d5a93d471,31899d4a2cdc83cc4c3698895a196599b130356dd2d00d6c
136,all_norton,n360downloader[1].exe,005435a84eb60c66a323a656ba10f1dd7b23f6bed94f75c53c5e7324af4f4355,f7cc0e7caeac3e5dc6bf5ae672aa864c59f3a96d01081b4a6fb988daf3d05e09,318d995a2dd9874c0ca591d95a19ad3c312505c956b40dca
137,all_norton,nisdownloader.exe,005b7069201a1ff523095f5a45c22f3e1111cde589db66682ced53a330cdfb11,fed21eafeae11c96ad9dfe1344f3ba5017940c4bd2d248b16e576c0f0692d363,318d995e2dd9a74c0ca491d95a19e51c9176254dd69415e8
138,all_norton,nisdownloader.exe,00317526bb36418385fb75b9908c4a75e449cf23c523d8f878c8480d994c84e6,c0052ccb87a02c32f9a351952a8c0eb7f197d392b84c3520631ba33c727079bb,318d995a2dd9864c8ca591d95a19ad3c312405c956b40dca
139,all_norton,n360downloader[1].exe,00b7c565f6e66f820b8b30b0ce976b9e8de118b9145ecc90e6121b432312631e,106b10eac1e871d933fc8647391c1afc69ca5e9002aa13cfada2212238a329df,3098dd0b2c5cc3cea616c4c95a4c75a8b42949d9964c09e8
140,all_norton,n360downloader.exe,003b30c91f15d8bff7a49e3fa6feb41fb6c7c7b577c59f8ef7a6c58cef9b2c65,ed4af27093a5376a9902cd95f73bb0ffbc42d063f5705e9d08967e41144d5848,318d995a0dd9a64c8ca591d95a09ad3c312505c956b40dca
141,all_norton,nisdownloader[1].exe,00436a9011fbd2fabbe6e2285955e2d265fb1ecf8f4c28d8052f208842bfc26f,51cac2dbd0576f3fb917bb26f68aa21366cb94280cb2fa038efe21520949ab20,318d9d4a2dd886cc4c3498991a196599b130356dd2d04d6c
142,all_norton,nisdownloader[1].exe,0000d46c5fc504642ce5c92441b604d6a19098a5bcdc75994a8443609c98b699,05a6d360f347c8f175b5baab72b492af3437665089a080014e6f70aa77ea0358,3098990b2c5ce3ceae36c4d95a4875a9342949d9b64c09ea
143,all_norton,n360downloader[1].exe,00c9c7b7cbc22307f4080553b10c15a464dd69387029b0a48f254db340ac0572,9b7137d1c7c40119c8a43b8e58b773e9852b68aaa0ce7c1aea89daba5efa59ed,308d992e8cd0ce662ea495d35208652c3069499236684dc2
144,all_norton,nisdownloader.exe,00701f031fd100f3a9326edaacf739369c0b9da81f053abdb1a43eb1b2a20341,e1d4dd60fc0fce41b13ef55933c8eeca57dffe2a28a55439cb9548c150bbd526,31899d4a2cd887cc4c3698c95a19651db130356dd2d04d6c
145,all_norton,norton_download_manager[1].exe,001f40d7ff4198316178cbcf3f0781119d09dcf206522e1e9f799f42f39ea0c6,e697799215210b91f9d000df453e13475dc2513fa1e03c013ff4f59113133d1e,30cd990e0cd1e76626a495db5a0865ac30694992b6684dc2
146,all_norton,n360downloader[2].exe,005752a9209c49f3c390adcb3e83c026a6714d233d564eeb5b6b12f8be322192,759dbf08734a6236b9074a7ac3f5aaca1b5d11debe119f34b709e2796b6bc0c7,31899d4a2dd887cc4c3698895a19e5b9b130156dd69005ec
147,all_norton,nisdownloader[1].exe,00c5aa30bf60e23aa20d040c391fa61f64273b4c9a4725c4c24ca8b9d4415236,4dd15154d5a42f38e4b257cbba30a1e4dc5b59b7a1b9e8d00919cfaafbd34681,31899d4a25d882cc4c3698895a196598b130356dd2d00d6c
148,all_norton,nisdownloader[1].exe,003612fb2d335ad4ba65101f0a87c4b03535784a70a440f40d9f36432aa181b2,63b1984586ca93a8b738af6aee865e3bf3556d5fa068ce6eab304eefbfc1652c,31899d4a2d9887cc4c3690c95a19659db130356dd2d04d6c
149,all_norton,nortonnisdownloader (1).exe,00309904033578bf824ab99ce72bbbd61991d4fac74c663f0f9e09ad7a20b8c9,6db00ae46757b64a43c6c8b3b9371d01877d781ccd27ce7ec08fefc84acc136a,31899d4a24d887cc4c3698895a196598b130156dd2d00d6c
150,all_norton,norton_download_manager.exe,005bccab7b181759fc3fec2640925ddaf2a882868cfe8258982536d1fc9932cd,9f961b3cdaeb1713bab50a90cd0345a89973d807e4a1ed7e3c5a019a066430de,318d9d4a2ddc87cc4c3698895a196598b130356dd2d00d6c
151,all_norton,navdownloader.exe,0041491ba8a9104fda6f0c0852203347fd6c56c3e6a6dbd3a2dcec3b34140a2b,b9978184424cafb81dbdeaf9fd589ca6c72dc72320fe7eb575076de8f6af300f,31899d4a2dd887cc4c3698895a1945b9b130356dd2d04d6c
152,all_norton,n360downloader.exe,00a74d6ede7a95c2eba3a13d3ad773e54e8f34e107048380b7f97a6186766a12,0d2f87401e022852fe798e52ea7161486c47c2b74f50270d5e60018b1a73a323,31899d4a2dd883cc4c3698c95a196599b130356dd2d04d6c
153,all_norton,n360downloader[1].exe,001ec6d17decd45169db064afc56719c80b42305b3d4c5db94ee5238be5e2bd7,7aa9ca4d1ac99ac59b74ab55edbee06669de9b6cf58dd8a7321179499a5f55d7,338d995a2dd9864c8ca591d95a19ad3c312505c956b40dca
154,all_norton,nortonn360downloader.exe,0009ab39ca5d608eacf299302f298466546e926da78b3e169e9264c7b265b2a1,497ba3657c851cc6255afc36d6f7196fe1e1a343fcefbb983cc8936a32f8b497,31899d4a2dd886cc4c3698c95a1965bcb130356dd2d04d6c
155,all_norton,n360downloader[1].exe,009698ff005c69d8977b58a8a5a55e7461c86c5b432b4709a2b562478fcf3762,27d3d897cd33ef960310ab11e43bebb2b16568d01a5555928527db00b8a636dc,328d990e0cd0ce662ea495d35a08e5ac34694992b6694dc2
156,all_norton,nortonnavdownloader.exe,0069e273b8b4c6dcb5d423296015c703c39c2669407a3e17d89f09cc81e56e5f,f2c09ea7ba720fc84e2b5b39541324857a8b3b69b266cf754ee4aa574f5c53b7,31899d4a2dd887ce4c3698c95a196598b130156dd2d00d6c
157,all_norton,norton_download_manager.exe,00476f93603fa51b383f1731fa132da14216cac04461c4c374e2d9f5453abb7e,1ba9b3cd1dcf6676198e932081f06583e5ded3711575d0e80c3e0a21dcfc6a3a,31899d4a24d887cc4c3690c95a19e599b130356dd2d04d6c
158,all_norton,nisdownloader[1].exe,0050f58f807414e65bfc021828bef3e891e6a4aeea0b7a0d5906b01072e16106,26807d8dc8611000af09da0dc3ecf162b13cf1374597181422515314828c3e75,31899d4a2dd886cc4c3698895e19e519b130356dd2d04d6c
159,all_norton,n360downloader.exe,0071d709b3c1c779f4ec9c81d8008896de7e9bf6f7a43f9660e6d77dfd68b90c,346dd05e9f793a2c2562b5f8b5a7702b560315875852cd778f1c4117ea039438,31999d0a24d8a3cc8c3698d95a196534913005ed56960de8
160,all_norton,navdownloader (1).exe,004a1b14ef3154676c6cf198e0f4d727cae2143cb79fdfa945a85e028bd9f89d,0253894a7b755cd25bfa9ddbdc1c22e66a53c2b56baec3350e5082dda77d11ab,31999d1a2dd8a3cc8c2698d95a1965349130156d56b40de8
161,all_norton,n360downloader.exe,0025d2a85e20341e8a8edaba75bbe0e7cb52c28fd3b9b35250813ea4ca332af4,d340c380808ef044e312d2bf177690a37ca65573d6eb161024ebe69e1699f5f1,31899d4a2dd887cc4c3698895a1965bdb130356dd2d04d6c
162,all_norton,n360downloader[1].exe,008b9d84727c6f908c63f5029801777e1125b9354a30bd09f9ea11f96b5c01db,406d48851c7411f4498630b188b72eb189fbbda79e8a3346449386a9ae3347ae,31899d4a2dd887cc4c3498895a19659cb130356dd2d04d6c
163,all_norton,nisdownloader(1).exe,00a3378ff41a253459d0ea14587b4af92330ffd309ac5cf4dc9d7df664b5590f,dd768e97c4d00e6eb34ec7409b50e8df9b25fb1a023c7d4382a16ed54d7fb5a4,3098dd0b2c5ce7cfa636c4d95a4c75a9b42949d996cc09ea
164,all_norton,n360downloader.exe,0069241aff9fee7e89999ff6d45688730144ecc59ede375ab651f5af7a03db4b,24dd5b62e2df5e3b8a8ea04609b74de43758eba590be687acbdb27ae727582fd,319d994a2dd9864c8ca591d95a19ad3c312505c956b40dca
165,all_norton,nisdownloader (1).exe,0088f1cef6e54f739476e3cb785368fcc4b81c29995406ff925319e78f7c0cd9,715331a89cfc1857b6b031fd8f581bb6ddd5c545f610aa53ccd30741cc35b8f5,31899d4a2dd886cc4c3698895a19e519b130356dd2d00d6c
166,all_norton,n360downloader2012.exe,000108575da9441502631ecc64086717060450c1fc531717c17f516d383da9e6,0b6067c812a1aba1cf158068af11d97eff4f5c86750c170703b7c1816799e2f6,31899d4a2dd886cc4c3699895a19e599b130156d5290056c
167,all_norton,n360downloader.exe,003c81d76aa47b1d3c82d1bd6ec3d3b74aa2473d6d37b44400e4e8749d388080,01ffb7c04a7448299b9f2c544555bddce56b9cbb8c5a24083a8d70a40049cfd5,3098dd0b2c5cc3cea616c4c94a4c75a8b42949d996cc09ea
168,all_norton,nisdownloader.exe,00cb4e80258f678776d1371e1041ba7d1d1ed400e5a597d502377cad6efc3f09,c135cb3b4d9cdab4c4323939e87f69efcdc7a09f795098eab75dfe582945fce1,318d991a2dd9a64c8ca591d95a19ad3c312405c956940dca
169,all_norton,nisdownloader.exe,00ab9f0d4cc1fb8bb3d448d8b534f2be58984ed138b6ea42e5f80cbecc9381eb,22ba85182a37af33f6d18e2807688eb2a6c477ca69061149661b8a175e9c62b7,30ad990a0cd0ef66262495db5a08e5ac94696992b66c4dc2
170,all_norton,nortonn360downloader (1).exe,00a9ae0d5c967b4f76677ce384bad4f26cf5ff014abb4811dbcc119817b76f3f,061729d1f71c031c606c073c1a28cd1b64ac69a3ff04aef5761f4cb717de7397,31899d4a2cd887cc4c369889da19c5b9b130356dd2d04d6c
171,all_norton,nisdownloader[1].exe,009a54ef3e456d99b68d845e2f5eda200f0f06419f8c20096587b6bffb883ff6,f42b1d7b86091e90ee7173980021374d8a86d49828eb52a60dbdf45910c84cd0,31999d0a24d8a7cc8c3698d95a196534913005ed56b60de8
172,all_norton,nortonn360downloader.exe,00aa4408d243b1faf2111b9804e128c99e861a6ae25ed304894210bc6a30650b,7688fd1738e96c52f72a062eab5eb5c4888f4b29515a3429913bf848e46b938b,31899d4a2cd883cc4c3698c99a19659cb130356dd2d00d6c
173,all_norton,n360downloader.exe,006961a08a417f3136c11c4403001e26e5e8cd054b10f0abc1007470fced467b,6e71e75e25fbd4e98c8a5d7375d032fa207775f6fe12253a0cc19f1d297a23b4,31899d4a2dd886cc4c3698895a19e5b9b130356dd690056c
174,all_norton,nisdownloader.exe,0013613ba6c8275ddf12eb15704e8a5cb10997aa5c8a22df93fe4fe1eebbe90d,7f7aebd6ed681a338c927c20e7297a089e636c6a282e35056149f7eaa2b2f115,31899d4a2dd8a7cc4c3698895a19e539b130356d5290056c
175,all_norton,nisdownloader.exe,0051138e7b8d0f3ad3f3536561be17415fb8651d62d06e70d15c1756bc907a78,8df9da8fecafc6f420aba991b60431e2a12b933e4a090c4ecba9d2cd82b980d7,31899d4a2dd887cc4c3698895a19e5b9b130356dd690056c
176,all_norton,n360downloader[1].exe,0088d06350d10fae8e6bceee7a7693c8e23656339a5f2543744844acc4b36be8,427e8314a77aed9ac81148320af0e5a0c3d33a14edf05d4fbfe4fed12b5dd19b,31899d0a24d8a3cc8c3698d95a1965349130056d56960de8
177,all_norton,nisdownloader[1].exe,007e90c4c2c43f4cb68cbcfab1fae3f8bc68aabc55265fe44adc749d689832b2,4002b6ef561760f4590b8c1c79c2e174772d296f144013250d52ecedf0b2b7a9,31999d4a2cd883cc8c3698d95a1965349130056dd6960de8
178,all_norton,nortonn360downloader (4).exe,000969c4253e5141ec987f098d72488be158226fa53486dd1da6d4a1d6d635bf,6ce056615045292aa5a039c4825f62765c849120b2dface5b8ef2776f91cddb2,31899d4a2dd887cc4c3698895a1965b9b130356dd2d04d6c
179,all_norton,navdownloader.exe,00a60d00e326ef9a3d3804474b76cac7a3ccce62b9f0965b5e38c7375405ded7,a6a322c228e9aa6d7f9bfd39342dff566aee79ac78baa87837980f4a4522bf35,3098dd0b2c5cc3cea636c4e94a4c75a9b42949d9b6c809ea
180,all_norton,n360downloader[1].exe,004178da937c493dd37c29221990dfc7fb5809f1204ba7e349b12cf4349aa8e0,d903ab8d146eedd8cedf427a1229e75a52404500d47aef53d2f02efb8c527af0,318d995a0dd9a64c8ca591d95a19ad3c312405c956b40dca
181,all_norton,nisdownloader[1].exe,003835200813376f88554b68705fcfb15f717b41e07363356b73a10d5b1eebd3,3e16781d4c8d4cd0d44ce3499453d2601df90275e3d0115052c778cbc8b0470a,31999d4a2dd8a7cc8c3698d95a1965349130156d56960de8
182,all_norton,navdownloader.exe,00b814109af465d77f5816723321135a5b98f352efb164ec5ded662b1f4fccbf,a01fb56ac30ce611c79462c1bad947fbf9a4b70ff9878a95a372ba89f4ab6e97,31899d4a2cd886cc4c3698895a196519b130356dd2d04d6c
183,all_norton,navdownloader[1].exe,009def6f5e7f69d69286ca4afa42b714b977ef15cb939118217d883935ca5471,934fba0ef0458dd6c891d85ab7e0cefe467bf0bfe8ebeee9c787f5104cde3e75,328d990e8cd0ce662ea495d35a08e52c30696992b6684dc2
184,all_norton,norton_download_manager.exe,0065d3912fee13d3d0612e133867abd0be2d705b3bc1f3b80bb8780d24c02c34,4ffd8b199075f88da6cebb89fe4982e23cb1940238e2ade6d5dc90d33264aa50,31899d4a2dd887cc4c369889da196598b130356dd2d00d6c
185,all_norton,nisdownloader.exe,006b9982a914084cad575b4e32ad5df8ffc41d5daf8548d2db5c35c22a41f65e,a81401b0031079a5d5463ec3960f2ca2ac75c5748f9294ab57379f751a3d2eb6,31999d4a2cd8a3cc8c3698d95a19653c913015ed56960de8
186,all_norton,nisdownloader(1).exe,000c3e8a5c017e3309eed6f9e9ade30c995d07424229174b5732e55aa07f0498,4fa359f10ffaa7cd456f10e3054eb730af1e3116ecc31a8f6b39421b83db99aa,3098dd0b2c5cc3cea616c4c95a4c75a8b42949d996cc09e8
187,all_norton,nortonnisdownloader.exe,004979e8c23b1d84261545517ce8ad719b054cda1074dc1b8b6dc6fc041db387,2d8802f962ca450aea5b633355cbb5b929aeea9e074a0817a9a352b542d52677,31899d4a2d9883cc4c3498c95a196598b130356dd2d04d6c
188,all_norton,n360downloader (1).exe,00a4924f5ef948632d0c1e5a25f15c2348be0225c679258ce50783d94371d050,b54057b74d22cf67bdd5f3299905267834ed4b7726551a00a2f33fad38fa259b,31899d4a25d886cccc3698895a19e519b130356dd2d04d6c
189,all_norton,n360downloader.exe,00978a65e1b39e615765efc0b335f1d896f0f8393009502f66e41a8c09fe5dc0,588fb0029ad600d12a9ab3b8ed902e2c830e4d13486581a285b048d24e3de450,318b9d4a2dd887cc4c3698c9da19e5b9b130356dd2d00d6c
190,all_norton,nisdownloader[1].exe,001bdf0883b3b4cff1bb191e363b0c35d2ea4f33f9720d3e9a94825a2d5d88e8,01745b16c22213551e11b4bd588523fa5187d890134b675cec1c2c96835f9d33,318d995a0dd9864c0ca591d95a09ad3c312505c956b40dca
191,all_norton,nisdownloader(1).exe,002d77b4b66ff912a2fd3e8d8f809c9ed8b88505a4974f214f74b222ab4e0ffa,e80498cee8146cb34b19d707ee01cfe2fc43a54c772cd4bcbe166a7f64574343,31899d4a2dd886cc4c3698895a19e5b9b130356dd2d04d6c
192,all_norton,nortonn360downloader.exe,006d413e31a3c92ce3b5decaae46e7b3785a10a52d9b3ccaa07f737eb817e01e,775a2f40709686d4856b6874ba05d5a4ad01822d8a6b4b3703919d9126eb8d26,31899d4a2dd883cccc369889da196519b130156dd2d00d6c
193,all_norton,n360downloader.exe,00583786d26ea5728d86ccb7e7755bd67ac497558ec7a6ff0641908d07848530,f9329edace1ddce4944a6b81a343f276a2363829052f2802088743786d0def18,31899d4a0cd887cc4c3698895a19e59db130356dd2d04d6c
194,all_norton,nisdownloader.exe,0059a8baef6827d869c55d27d9e3c9954808153a487e58dde0ecf5544620d55a,f69380cec788a551c44ef0546fc9626ddf4bf0b5536a7d89d1118f96680d6190,31899d0a2cd883cc8c3698d95a1965349130056d56960d68
195,all_norton,nisdownloader.exe,0063f8dd32a2fcd8e41c134ef24b7850760ba91d9626bfe51f82d90061e0dc12,b7c759e89ae7cb6f2c39269bd216334dbf18916aaa4764c0ce59517675267956,31899d4a2dd886cccc3498c95a19e599b130356dd2d04d6c
196,all_norton,nortonn360downloader.exe,008de8075208ce54ff58f9af4ccf606f5bb763416d40da18afb08fc1522185b1,47cbf2aa024cfb79ed0b91d976f5138df6c7cc6726b92cb064b4b670d28b9687,31899d4a2dd887cccc369889da196599b130356dd2d04d6c
197,all_norton,n360downloader[1].exe,00ab0a681e20db814bc750de866387553bf035a9ec0c5be1e2abc9265dddd79b,e45f248e22498613f07d1963f718d879556412a03d29a35121944ef0f6a7c635,328d990e8cd0ce662ea495d35a48e12834694992b66c49c2
198,all_norton,navdownloader.exe,007fb932b8d51b6cfb0521ad691c39346ef0ac01d3486632e924c298ce8b5c9b,7e206e37171841a80c15ad20ef1909b7e3e52760b0e3aa4d54ef3facdee4092b,31999d0a2cd8a7cc8c3698d95a1965349130156d56940de8
199,all_norton,n360downloader(1).exe,007c6515f13567ebd1f77e6ff8d8df36830d4b7edf94538e1152ff02748f865a,2ee3a27a0c8975cd202c1fc9059752cb8618bc182599c1190072107eee44f89e,31899d4a2dd883cc4c3498895a19e53db130156dd2d00d6c
200,all_norton,n360downloader.exe,0023d91c343a315770af622b54aaf4b8c236e8978942c05d8fb639cc7b051dd0,35db7097d205968530a7e40b2b0aa51818d555eeadbeff3c5bbe245b09a34f8a,31899d0a2dd8a3cc8c3698d95a1965349130056d56960de8
201,all_norton,nortonnisdownloader (1).exe,00c0eb1dfeb1a81220e1c92a2fadbfea56c3f333fc3ecb00eb6a0c5a14e15781,5e47ae3acfe52894e998a05b808d3a436083b2ad8cdb0e28bf5fc691c292acd1,31899d4a2cd882cc4c3698c95a194598b130356dd2d00d6c
202,all_norton,nisdownloader.exe,008ecf0af5fb92e02b7ed93d43c34b631b13a6a0fd87687697edc55aaf5504e0,cedf7087bd49037f7c4cc40d8d3a6efb2869e17a90931539efe55912feea8b40,31899d4a2cd887cc4c369889da19c599b130156dd2d00d6c
203,all_norton,nisdownloader.exe,0085ebe476e96b1b4a6fa1b0bb686512ed2d0f36fcb10baf2299c7a7e6d56d1b,d9f0197871a972a8b3dbf71879c4d851e40861b0e8984b41a016e7f4732c76c1,31899d4a2cd887cc4c3698895a19e5b9b130356dd2d04d6c
204,all_norton,nortonnisdownloader[1].exe,002e59c5df914d325dfd0e854aa37b38d9aa73751399ab1473167dad147f8b1d,bfeae3c5c023a10ac9e1c73798c4c84ce637b5c73e8fc60659a98649d8ec7cbe,318b9d4a2dd887cccc3498895a19659db130356dd2d04d6c
205,all_norton,navdownloader[1].exe,00557125da85338aa6a5fa6a900a903f56960623f7016e7ef552148059820627,2b6721dd708069c7c5e0f68fcecbebd3cb4a5cb2f9ac2405bb668560b47d8d5b,31899d4a2ddca7cc4c3698c95a19659db130156dd2d00d6c
206,all_norton,nisdownloader.exe,0049562ccb2d45381d57772198c8ee5090652702f3d445b9aba1479a697c8510,46da6163e5b3b21c6ca906dcbf3270c281a694886ca84728f19823bec90f48c1,31899d4a2cd886cc4c3498c95a196598b130356dd2d00d6c
207,all_norton,nisdownloader.exe,00adbdee2121181ea980fd7c9ca2c2c0c4947cf16b1d1a5b6363057308d2646b,f36667d962fb2e08ac677f8ad6e3e964ce953f7ae03823cb57b8ed581d0e694f,318d995a0dd9874c0ca499d95a19e5149176254d569415e8
208,babylon,MyBabylonTB.exe,b9b4298c5cbcc201ce8a0cbfd5f4a20b4790aac13ad1ba01627b1c988b97bbf8,74256545f48c9287f6f0b6f878f4af31bb4c8994cab947b935cea92ae7deba3a,a8810081008100d5aa00000000809085
209,babylon,Babylon.exe,cce11c4a25c909e8d144522c580b799cafdd9c8e3ed92fa3b07fb5710ade917e,2d998560c50af7088658b336139a19cf05f05e02f3f9411d6574b20a7a9426d8,a1008100810081528a00000000800085
226,ext_setup,ext_setup.exe,00adc2ab7a11c66e6b9a7da8f9d8064bde720671b898af2c012ce6ae4c05f636,c803c5bbe9631e935090c61f432ae80bc0696a9e7cd3cc61de046e81329d80d5,a000201291044240e699214c116689334400010101000000
227,ext_setup,ext_setup.exe,0021fe7024351a996a8a6a3bddc98582096cefe32ae709b5e39e77688b745c83,19af0fee27f80d6edde466f9278251ea955070d3ecc2927f13df6b2adfcae4ec,e699634c21858c324400010101000000
228,ext_setup,ext_setup.exe,002993fb9028610d242d6aacfa8166f005544f27c8aa6daa8bb89599b84eb7bf,5b9952a1d630297737284579f4857da5257e8a0b548df6c2f91d9654df2ab8cb,e69022441022883300000000810000a0
229,ext_setup,ext_setup.exe,00469bee0bd897a2562904b9bafde80aa5a60bdbcf3d430dbd9c97ded14b051a,723247449940fa527046149cc2adcdacdfa3ceeb95e070509e8265f03b89ff82,8000000000000000e691220411c388334400010101000000
230,ext_setup,ext_setup.exe,00ca8c4c5624fd61f8ab9aa17a8920afc16868f64003909602e35c199542c464,0083a389f864b2362663e43396854367065fe1d318474cf1cb6c335c46f1dbad,91024022004242126699210411c288334201000901020000
231,ext_setup,ext_setup.exe,00622ce7d0bc989ec2dbf5f15a7da5faf5bcb3633720494952193ef41e7f7921,2928b5270427dd132b4c91118a1c4ccac9c04937a3283223a59b4c8bb8d0b472,a000004000004040e6992308214388334201000901020000
232,ext_setup,ext_setup.exe,0055d98cf0d4e2a8942effb311030772cd63b84868dcf68ae301a4fbd0acc0c1,8529861778e528e1552b715b96d8f10b1a2bf0ba67e5b93530f6d0977e13f50e,2a040001010100d5a244498201932640
233,ext_setup,ext_setup.exe,00c7b12867b7eaa7e0771637af2a1740ba99b62368a2084e7d91a755ad3104d4,3992b3fe96d92e67faa33f8c4b69e94331221d3171443ad35d582a65e732840d,a000004080000000c699634c29a588334201000901020000
234,ext_setup,ext_setup.exe,001ffd6592fcbc70c01d4e098219efbfe01cfe970aae1217a3732b28eaa3022b,6bd43789b98733e07d81a44a64379891fd1c9b639116b30d645523166cf06e22,8000000000000000c699218410c288334201000901020000
235,ext_setup,ext_setup.exe,009457be9bc905d5daa6236b3091e134975d6fb0e10de9684805b0d4273b4d6b,fe6b0999824f0b94d35309d985179b56c2ab855277d63934d9274f5017dec68c,e699520a19658c3340010151900084a2
236,ext_setup,ext_setup.exe,00bfb4882fb3f5fb95fb13d5c49c45acd16806c40df3231d05653c153cfb3dc2,3c944ec60bcf955b7d80fe797e1a16541a43c396f82f8418fc3fd1aca6b8c796,1000000e699430811458c324201000901020000
237,bluestacks,Bluestacks.exe,49dcd654b4d2216c49a6e7b0ca7080749217090ce3cba49dc74b465632607aa6,548a94e8b5c11f313b898ca64718cc537416b4d6739e8752e4a1e7c6d827e08b,282c2b0aaa1a22b223c3d80d652598908655c4526a782ca9
238,bluestacks,BlueStacksUI.exe,7d0791a42295e4d2ec50b2dd0cb9808cf89ed01773add4195e070189f4bc5df8,f28b27c42f4f96937571d4ba5e1df17a3307779081361dc6528a666cb61587c0,282c2b29aa9a20b323c3c80d65259a908655c4526a782ca9
239,bluestacks,BlueStacksTV.exe,45dde5dbd6a3b567b18d941e0b31955d2944efc19bef2f08b9f141da8856dd7f,07dca33763e6dae7d7d987ebb7cfb71ab76dd386aa60c67f04b1f664174fd285,282c2b09aa1b20a323c3c80d65659c910655d452e878aca9
240,uninstaller.exe,uninstaller.exe,004e7251838ccc268fce3d13897ac3ecbcf7786b50976c772bc9d3269ceb39b6,48fd672ee5328a08e8ce87963e9c150d77e57e0977d4de4e216496356d15a173,8c000000000000229100000000000164924d924db2499649
241,uninstaller.exe,uninstaller.exe,006781c9dedba1bc063225aee703ec741c1c508b7478e4b06d2b2616e8bb64d7,4262f829dac6636c1df4347b0320600861b99384eec43e1228118e8708cbc94d,50000000000000a0914800000000106cdb24d32dd3259a64
285,C29.exe TROJAN,C29.exe,001180fb05ed1c9603e6f49ec0465d63f430ed42849127780edb1c8cbefa6804,c5b91191d2785034e411c2e3d479ffdec7a59ba13472207322fd57b5e2a0430a,9209910241a0082a810080008100c21a54e0021eb4e183
286,C29.exe TROJAN,C29.exe,00b17934d0939bb98d8096445b240f19c0c766dcd76dce2a4fc7d823872ed2b9,305b8cdcea8c92d66257ff42c7fe91b027c9d610c411b5ccc6a9ebc8577f9005,842049a440008249aa01000100810051863cf0020f3cf1c1
287,C29.exe TROJAN,C29.exe,006bfa7420617327a94373beec7bc339914cdeea5a7aa1b05db25bc633c258d9,6cd08e29f154dcaee0c4a4c9af693f3b6cdd6bdf2419807a9cf4db7dd2e8880d,100000102080a8100800080008a5614f085afaa6a42
288,C29.exe TROJAN,C29.exe,00bf927f349492353f90cde30981503574bc64c8ff3c14734a849808f6fa1490,f2c2e1b37c37bf13b2b06779e5ab213bd5d4ef56e47a82320222c578f36d699a,200010000000001aa850081488108515654d485adaa6a43
289,C29.exe TROJAN,C29.exe,0095c1bc1e2dcff3b611704fdbc34f84e9bd7b3e5a868fe814bc17fd7cc7afa9,8cf00325bfcb43f61b7ecec78a3f59a000df0cc522f10451b065a74aceb566d0,1042182244992012a810001018100d11a54a10a1ed5a183
290,C29.exe TROJAN,C29.exe,00a9f80a5bec7f0da0762b86b3b444d5bfb3c8c874e5d9bcd4e35842c1de2c14,6853b71f47d36207d74690e71871c545e9812ed84507fd677a9c3596de507afa,1800001000122818089248100911e54e1ab1ed4e1a3
291,C29.exe TROJAN,C29.exe,00bd42c1b02a64e49a60b49fbb17cfc4004d8a280e932635adcfac4ba64f00d8,95a422ea79720403f0fa64c0828478e53c60e65b177dd129f4c4ba066b80d3a0,81a44591244992242a810081008100811e54e1220ed4e1ab
292,altiris agent,AeXAgentUIHostSurrogate32.exe,18d54c090d6b51c9686310d2fb4e632a858dd61adcb883e42d90b2edb02d1b00,1f52206772cf3d195af01d0243e642740e4ba273c34f32eb44159e5a6fa52c77,6426a2ba9bd94d446366849973d6cc090d87a2e2d0d45d4f
293,altiris agent,AeXPatchDeployment.exe,f94d3ef8955c1c257c0b2368f98f379a12d7e26321321992fabc3bc9a1732a9b,e72216aa6ce48871bdc1d46365ffbed898e3ee38329a4855c7943be80da6ade2,89000001810000223367cc993366cc980f2a2652d595b92a
294,altiris agent,AeXPatchAssessment.exe,e19ec0bca3de832b11418e7c2517912a73a17a7b1132c63d1633779c269b2977,d25c12bfcd32ec6bc105fdc17c2ee8b79004bb214af73ed1fb20dbb3812e952c,26a2ba9bd94d45643366cc993366cc192b4ac0e055b5bd2a
295,altiris agent,AeXNSAgent.exe,5dd137158d4e5a39eec54d4964963a9a191c2c585bff45053dc0816bc3af799a,da305cc81a01461233f687fce1fd930ba6941fef62bddc0df0f382109dbccc3f,99d945446422b2bb264ddbb22469db964d2c241696918b4a
296,explorer.exe,explorer.exe,001a950c6907f20e44560f4d22a546f184a7e1435099b74c329a2910bc3c426c,6757d016f986386757024b8186641cb02ae2794672001e479848413482ab0553,f172b1058e8d4e60937330929bcdac965c50e3151ce0ab0b
297,explorer.exe,explorer.exe,008c54e3b52aa24e2c9b50b8dea3597f9ac3283dc5bc2726cced7a7b4e5100f3,e476305fd7648ce4e6f1e2624252be7ad83a80e62d27fca7898e562825576268,2539b46183e7cb9c125348269adbcd3554562595958a2a2a
298,explorer.exe,explorer.exe,001e73461ec9fb199bc5c5fce716af911f4ad727ce5cc39d9ced39cc65fd51bb,22663854d09231924fb706ecbbdd8ee2766ae5533f49f65bbdabcb6c1461b5ea,3539b46183c64b9c125b48229ac9cdb75450e1951da8ea03
299,explorer.exe,explorer.exe,008898ae0a29a0d627d1d482b821df3f70377fb5d0fb9052accfee64d93382ec,debd504b6e3944988fe5c6eb2c015cf42781a464dc0573ccf9858b8607228eae,f172b1058e8d4e60937334929bcdac965c50e39714e0ab0b
300,explorer.exe,explorer.exe,007240e8e112c5e051ca41363248c8f0c76262e120ef2759cd13f14fd88fd4c7,9a76c44020885902a1a6dd727e278c43bd47c34d87b38387d15a53b973954cf8,f172b1058e8d4e62937334929bcdac965c50e3171ce0ab0b
301,explorer.exe,explorer.exe,00c81f0a14f3f556c6ff7eeaa2399fbcbb184072728febdc10fa42a2f9b030a5,215512578e1d13775d0e43b678aa6e0f53fb49879067fbf41f04c9d58171abf8,f172a1058e855e6b936b34929bcda4965c50e21514f0ab0b
302,explorer.exe,explorer.exe,0044999ee940fda16e258cadaa0aaf737f48637ff051fe41d6d57e727b5725d3,af399c7b3edda5437928be5c6e0fe201c29dc7cb428d436745fce91a5b51c33e,3539b06183e74b9c125348269ac9cdb65450e1851da8ea07
303,explorer.exe,explorer.exe,001e0cfcbb4bc9105fa1836eea3e4ff43a8207ce9888422af80d778c7aef6f80,a81290ad81f7b5426de1f1f40a0a0808106fdfef5d857865da9c76229474b248,3539b06183e64b9c125b48229ac9cdb55450e1851da8ea07
304,explorer.exe,explorer.exe,00042e6d6ba3c1aeab83b1d36f908599f9c9ec77f49e492d73f40f766611895a,330f069c1cdc1f5db87fc5010941860c107e1d19f13220caf3fa719caec8845c,f172b1058e854e6093633412dacdac965c50631714e0ab0b
305,explorer.exe,explorer.exe,0014efedec1093039f6c8ed092bcf2811403037f25e42d9d5edc879a47eb0e86,4ad1ac027f261339ddd9cce4c0e5da699823fb38997c5a31a87c01da93c6ca1b,f172b1058e8d4e60936b34b29bcdac965c50e39514e0ab0b
306,explorer.exe,explorer.exe,004c6de837a14ee616a384a7757d885a5b549ce53749426c4ccb451bec85a381,e05189ecfd7af9f73f682fd67e32ad1eb4b1fd96063346f488af9d6654cf2902,3539b46183e74b9c125348229acbcdb65450e1951da8aa03
307,explorer.exe,explorer.exe,004b75a29ec74540e7700757e19faad63d8699afb55f59bd5903cd142fb80620,a26e52d7123412bfc3b7cb0b8a6cb3ee1d35f6fc70c27d96c839d0b9f1f8580c,3539b46183e64b9c125b48229ac9cdb55450a1951de8aa0b
308,explorer.exe,explorer.exe,00c48a7b5c495e146bb47b6f1049a6201ec96bd865a1fa7b2234b50269d0afbb,662c2183d6c15b77a1dbb30af83ce42793b2f3d17758365da6da62819e2ec1b3,f172b1058e854e62937334929bcdac965c50e39514e0ab0b
309,explorer.exe,explorer.exe,0061b2f4e9c8c239fe15e97bdc6f892680c4d8edf24a7ed48b796f54796b4e07,39956515817f1a467417ab7608d6a0114ef87cc09e1a241bb8c2b4dfd498495c,323890738cc74e8c925b59329ac9cdb75454e1951da8ea02
310,explorer.exe,explorer.exe,00c75f2de39c6d2d4349c9a7e2309aa948918e94786a66af52abd9065f44e380,221de5fcffe3461ea8bcfa35ae0b5e2ec24ca668ae5eab2c4d9833c1ceff4a77,3539b46183c64b9c125348228ac9cdb55454e1951da8ea02
311,KMSServer.exe Malwar,kmsserver.exe,0002ff49070c0c65bc244b6f57085def81bddd4322d28f764ff1191b9d7f38f7,c501ebd56fcab61afed4fb340d82e79dae7469b18041a56a3cdc36b1b82ffa4c,6d9b26499224c99218000000000000628000000000000000
312,faketrojan,faketrojan-17-2.exe,002b1d502a9ce4646b22a80d64de2b577b83bb4462bd6bf7233048c156f43c1a,fb24eed2c2711f3f26162b94357ba5ab7a9597ea28f543e339987e681888c911,631866328ce399ce28420040428181d5ab5a952a56a5ea55
313,faketrojan,faketrojan-3-3.exe,00c3484975b3f2999dc382ecccedc2572588f5d1927f586ef999796f4b8eb6be,bf90733e4c9b31098a8a6d6ac3828ac08271fc946ad686f28e1ff7a8790f12de,631866328ce399ce2a42024242a0a1d5ab52d52a54a56a55
314,faketrojan,faketrojan-6-5.exe,0078401afb8632aa029c2accebddc573d677ec28f8c90249273a0cb2b3a3748b,44787093b0344da6909f095115c41e873b085b3990414b319a9ed8ad27857ead,631846328ce399ce28420242428089d5ab5a952a56ad6a55
315,faketrojan,faketrojan-1-4.exe,0071f29fd129cce0a282ec7185774f1b1cef8748b0fab24e62d493934b216447,95134fa9921b3e3e6ef8059c841963167fc825f35bc25779dc65181e130cbc08,33c1463ee0630fcc0e1ef84006bcf9c1cb4a6d2d34b59252
316,faketrojan,faketrojan-12-3.exe,004c6c0c44a068e060e39d7ebc325796276b35342d3a236c535167668dbb3a7b,9f5250dbf85dc41442a0642b1ecbafceff1e82f84e43dec818dab8679840c537,100200018181012a004242020281a1d5aa5ad52a56a5ea55
367,MySQL,mysqladmin.exe,469d9ccdc7a71119ee45f757f3f7d7364f8a78faa18f5de934e629f4628bb891,96b27508a2e63bd77ff78fe4eec18f5be71997440b6949c32ff92461391e095c,10000000000810f0783e1f0783c1ec9a92a221656d5d5
368,MySQL,mysqld.exe,68f2cc080cf38f5c1eb953d113d1359ae1d0a9311e0f6773522c26fecac413db,28839f4f87684e854c08036e7818c5d6c96e32dbdab1376adf82b8b5fcc386c7,800f07c3e1f0783c1eadad2ca21252d355
369,MySQL,mysqlslap.exe,bdb65dbf4b64d3622304e506f27fd25ffeed493fe7384588490ff26290af8463,50292285ed103fddc0de412401434ca177d28c40407390207c3f1f3f27b69149,81810040400000810f07c3e0f0f83c1e5565a5a6aa9a5a59
370,MySQL,mysql.exe,509164ade81533536c185319e0fa483b6d29845758de74e3c498e87f3316b6e0,86802b93fb6be0a57de7011c70c907c5bd31acb0d5015ba420b869acf264d8c3,81810040400000810f07c3e0f0f83c1e5525a5aaaa5a5251
371,MySQL,mysqlpump.exe,b877d4f257edb9cc9548212e7bd8362e002990dfbe540d6ef586b7e30101da9e,ceba855b33a6c8f36d068433e6975aedea5cb5adbbf4384a4d903395ae9f4f76,a1810212005201810f0783e1f0783c1e5545a5a4aa8a5a5a
372,MySQL,mysql_secure_installation.exe,2cad4d088b6278f0c98a09355c261ae02cc557e5e23789679665ee920b44f80c,7cb38414e12d9333661d0d736fe0835f3c402d1e5f8b22b30b9a7919a7d07262,81800000400000810f0783c1e0f83c3e5525a5aeaa5a5251
373,MySQL,mysqlbinlog.exe,51d237a3566248585a54b7767adf90f15dd9183ad986b55e4045d414c8165e6c,a38c390b860ed8815b133b8571a69e11815f367dc568f77e41bc44e8088f6579,81800000000000810f0783c1e0f87c3e496d6c24b69292db
374,MySQL,mysql_embedded.exe,3bcce5b6749fa2c3040b6bb5abc74c14478e2eff06344bb4ddd7ed625ca75752,301ab9f66c5a7cc963c7c4f0edbaf84e413fdaf6baf5f487094e7aa9113fb34d,81800040000000810f0783c1e0f87c3ead2dad2ab2525559
375,MySQL,mysqlimport.exe,383f1474a569200e7340dc8157eb501f70fed2d62cc9826d870504ca5d64743c,35b63d3b3567c7b77b0883e4aa83f9cfd76bc8c45f57ee85b5fe2135ce018067,81810000000000810f0783c1f0f87c1e496d6c24b69293db
376,MySQL,mysqlcheck.exe,547a30fd2fec549f5f1f483f6111f28ba0f70b13ad55fc5c665f4d8ccc5fdb7f,9638acb9c77efd67d7b2b296120c6fa9bd77c74272e9d72f23a6bdc33e04082a,81810000000000810f0783c1f0787c1e496d6c24b69293db
377,MySQL,mysql_upgrade.exe,eb20a2921854458c359681d03449b4484af08dc8cf8b4888772aaa285359e106,0f281891da07dcd1496ce7c08d19103b108b12fd4a50546af7e9d0de876b3d25,81810200424000810f07c3e1f0f83c1e5565a5a4aa9a5a59
378,MySQL,mysql_ssl_rsa_setup.exe,8e46f3bc771894331bb5c3dded82d60ad042feaba8a64c46b6e2056d2db3dc1d,72a45c0e01341636d8384798b347891c1bef99bec387e6705df0872901839ade,81010002020001810f07c3e1f0f83c1e496d6c24b69293db
379,MySQL,mysql_plugin.exe,2439b2727509be0b39af8c944a3bf3caaa7048c7ed57dc41e3fb8ecc6a4421b2,675ffe6061c07b5a945807c5a62bfbd37d1b78385e10c84a6ed7706ecb422f44,85814242020201950f0783c1f0f87c3e496d2424b6929bdb
380,MySQL,mysqlxtest.exe,1b919c5e0d0bfb2fc707c00d09b838d5a6a4413fee08ecb29241d055ec8064ef,9b11bcd5e84dbfa541364f63f1493597df164712423bd281b122d7a83202a86a,81800000400080800f07c3e1f0783c1ecdadacaa32525355
381,MySQL,mysql_config_editor.exe,8c51263cb9df663e3df1ef7352028098b4cfa4532bdd4840200fe9685bcf2ced,7c224b9a2b1b18380c6a565b990f5f975212c2473ae2c8ce4f9992af279bf661,81010002020201810f07c3c1f0783c1e49696d24b69292db
382,MySQL,mysqldump.exe,1c6561af11f57129c66b3ee22e3f5ff322826b2e9bbd096f1bf8d3f68aa79a99,8539f659b0ae049749b3ff61233d56245d80d4fd88673c53e07caee083461009,81a10252424881910f0783c1f0f83c1e496d2424b6929bdb
383,installer_ Files,installer_solmysterystolenpower_es.exe,00b6950be6714582dd368899a95622238237ae3c6538d079d0757bb65ee437f7,5548d86e6a4a7153a7baa00fe0398c3e70a7d8f20ced619af3b638a2075f0d67,280009100000088a545cd99b92a6964926d920db28512ac
384,installer_ Files,installer_governorofpokerdeluxe_de.exe,0024b6c771d43660ada61f231d4530c11e3d127c9335f1fdeed0ae13e238252c,3c691ab5c64dcb7f7b34e43efecf9f4d882b26ed2a0074bce523ddf7170f4dd0,80009000000088a545cd99b92a6964926d920db285122c
385,installer_ Files,installer_inbetweenland_nl.exe,001132028ba7675c7b978b2a5a31b36762592efdf400e97169ebf1aeba55355b,f9ddaa0b7b3a3d351f44ef310791099d287a45bdf0221477b3bea0cbdb516bc0,280009100000088a545cd99b92a6964926d920db28512ac
386,installer_ Files,installer_ghostwhisperer_es.exe,0058cd41151e2b7a9bfe994d26d361486f8ff6e037015d0f65862b61b20c4782,4b4bdaae9818e355ed55bffb440d904b3598c2563701034bc3d13f1a30fb3098,280009100000088a545cd99b92a6964126d922d924d92ac
387,Windows Updates,WindowsServer2003-KB958655-v2-x86-ENU.exe,544241373fccf2f2bf39701cb494269dde7e1e50d3c8d3f985983d348c86c697,616fde40dbf89067776eb01b1d90f24941f2a540f2a87db186567f2b5781ee27,2c2c2622d2d2d999932a4cb64b53a4690603d13578ba2c8f
388,Windows Updates,WindowsServer2003.WindowsXP-KB958655-v2-x64-ENU.exe,abdb64ef92c74d77f257fba3f262815ae64b8219b75891c2a64510f40eabacd3,162395863b972c407010b1588f832a55f0eb2b61c46bbf1d91983fafeb38b44e,2c2c2616d2d1d949936a4cb24b53a4780227c11178fa3c0f
389,Windows Updates,WindowsXP-KB958655-v2-x86-ENU.exe,e5ea67f48bec82877d85641bd75899753d14e0c9258702b890a15334dd81a56a,46838c47102b4d00af0260b166ae77ba7148e3220dd8220293327da3f9c16bde,2c2c2612d2d0d9599626dcb368d3ac4906a7c19178fa3c8f
390,Windows Updates,WindowsXP-KB942288-v3-x86.exe,acd589b57ed104b5e04a7ce28dc166654c09060c9c31ae8e2c9301fa098bbfa5,7d879d254b8407c52e38422a8bd00e849e1f5552e4cef88f7c7a7bf599f45ca2,e4e16a691b1a959d16b4cb44d52a41a16a1c15078ea3c8f
391,Windows Updates,WindowsInstaller-KB893803-v2-x86.exe,69b61b2c00323cea3686315617d0f452e205dae10c47e02cbe1ea96fea38f582,6c83712f6ffc2e39e59a0057b81564c742ba242496c99761b50f9c20aeb94423,2d2c2612d0d1d909932a4cb26b53a4680627c11178fa3c0f
392,Windows Updates,WindowsServer2003-KB942288-v4-x64.exe,0c7e2cd7394a99c9d7cc8b1bb575f476ec5e30f53e59a34077f848bf96aa6a3d,cd94457814b90e17c8860ca9b9c2d7dd32273577157fd55affffc13cea8a26ab,4e4656a291b1a958d16b4c344dd2a41a1605d55578aa288f
393,Windows Updates,WindowsServer2003-KB942288-v4-x86.exe,763e0fff2f0b4413c1a51b7016ea1b5e4ae5768d0593dfedf285ddc26cf18137,6f57e7557fea4397e20b23e299d355fa8d36cacfcf457eb69bccb995543708d8,4e464626b1b1a958d16b4cb44d53a41a16a5c15078ea3c8f
394,tex,miktex-luatex.exe,487a410d2cdcdeeb8eff2b2765be70aef32d6c991adc01a20416e5c3e18ab4c3,dd744a7e5856113bbb218acfb11b8fe64c22cbd13456adf2bf0e0da2dc9b97f6,a56c4a8b9b92a3ade952f5ac54b13ad42db6464452592cb8
395,tex,sjispdflatex.exe,a52d6bf716bd37db0c3aa7d635b5422cd657a5df5531d29a31553772687cc2c1,e36a5e2cdd6fb87e8b19cd7700a839272b6262042b1cc72c9aa30ff31c84695a,656c488b8b92a9ade95371ac4eb5b29429a64644524368b8
396,tex,miktex-makemem.exe,914857567c6a2fee3edd0410fccc398455d41c4b3b846dd062799db0df99739c,5d8aaf8bc65f9b5030d0bcd7fd723e21dea9cb72451eb0895e5dabc57a07ef50,256c4a8b8b92a92de95271ac4eb13a942da6464452432cb8
397,tex,bg5pdflatex.exe,4893c9fe396b31ad354072694a0da96387c2d389990a02456c57c278852294da,49a1bc4430c39174c5ad4def5b8440c13530f0f940bfefdccba240887549934b,256c4a8b8b92a9ade95371ac4eb5329429a64644524368b8
398,tex,miktex-bibtex.exe,af72d173f0391b1079814bf329b2e7f2409a062bf83cefd709da728e24902002,e4f98fe1ba4c6f2260dbeb28089041b38e4f56a2694d2b7af90e020636a326c2,256c4a8b8b92a92de95371ac46b13a942da64644526328b8
399,tex,miktex-mf.exe,f0a51b0a91217f16c144d1bcc6a50644b6536bb6e7c281145bec98a1f7a21f70,2ca2030848ec6d4660838adb4b490774334f8f6a130318d7d7efc08e582bb680,a54c4a8b9b92a3ade95371ac4eb13a942da6464452632cb8
400,tex,miktex-makemf.exe,708d2423c2e9f144ae4d8015cd43bca58ff36d4f64520d0aa419acc15d4642d4,90ebded6a39f91a65178e08d20b83972b3f428faee3322d5683e901fa9451574,256c4a8b8b92a92de95271ac4eb13a942da6464452432cb8
401,tex,miktex-kpsewhich.exe,1e7d46022a36d9def1fb70d39b31d9ac9131d36303c77378c4fe5a8a44ae673d,bd7fb77d0d2008b1791adc1766e14ddc9c0475c02fc57209fd65defd2ccb3f83,256c488b8b92a9ade95371ac4eb53a9429a64644524328b8
402,tex,miktex-tex.exe,afeac27fa6b9b3aa09cc5d8f479364363d017c12ff14532d8ade420ebe2436bc,22962dc062b058d3009678971024b577c4097272b60d934bb4150217f433e71a,a56c4a8b9b92a3ad495371ac46b13a942da646445261acb8
403,tex,miktex-texluac.exe,36a14d094c878d9bc590e1eb5ef3cad0303646aaec5c4582d811991830e58d74,41cbb61940d1f1deb11dd8399e2fd2477ebf1ede26202d1d451bd14e5a890acd,256c4a8b8b92a9ade95271ac46b13a942db6464452492c98
404,tex,miktex-omega.exe,81a6f93d8cc4661256a5817b580d010141c848a9d61aa1e76ebc0df30f716a2b,35fb12f513ea070677dff587e70621e002c788a6698dcc501857bf1256b01b33,a56c4a8b9b92a3ad697371ac4eb13a942da646445269acb8
405,tex,miktex-taskbar-icon.exe,08898b2b4e71399797339532b323cff3e6292a06739be5573fb5cf4f59b916da,f3e6f4a6e85af04538132375174d2ff0bfa0edf30a2af9df3368fa1ec2d591f1,2d6c4a8bb392322c4b51a04c75b352e5ad264656d2d9ecb9
406,tex,miktex-xetex.exe,3b3988eb468cde4b3cbac47e4acd50a8fa5a8a0f5138b54b78391452cf6ab32b,e747ea97a9a9925621941d4b0d10ae818d8923fb031d2429b5e0d3f88416a4dd,a56c4a8b9b92a3ad697371ac4eb13a942da646445269acb8
407,tex,miktex-mpost.exe,e256a1e399889e8b59a45aa2ffa56968ed0db72ee34c2f9455ffc133066c3f37,f4fd4f8349cbc62858b36461b9423adc20a894478f1a3defcf31aaac5e9981b3,256c4a8b8b93292d4973e5ac54b36ad42da646545269acb9
408,tex,miktex-pdftex.exe,79f412e31584a185d73bf4d69af57975ac136d98297b21daa66f5fb8202f38e4,b4f3081f8dc3718aad2db92d874088407417cbc008c5f57557327cbe5a1886bf,a56c4a8b9b92a3ade95371ac4eb13a942da646445269acb8
409,tex,miktex-makebase.exe,82f4ed73b84e579ab913a10150cb99ba52c5fb3a06954b69531c78f9b785e570,51520216b9b13e0f6100a5e7a1bd91b1354f771b5ba390e525d27e40a137f32a,256c4a8b8b92a92de95271ac4eb13a942da6464452432cb8
410,a1.exe TROJAN,a1.exe,006198ce1af8f808aadf60360a7cdd3c04a02ec7426623e08edbe1d252d6216f,b85e7f9aec9ee3ae40990ea31a307e0e2cdfb0f5ca355f7da8c116751f1fca9e,20000000000000808d81818181818923b249b6c9b649b649
474,adobe_acrobat_reader_acrord32,acrord32-911.exe,001c905f348e13b24e4e469c7db50f7f5d719e8514a3ac985c47779f5820030a,193baf229ac1262211b15c43e8c03c897d0a578fe45faba4a52d9e50e70dd7d6,631846328c6399ce2a524242229181d5ab5ad52a54ad6a55
475,adobe_acrobat_reader_acrord32,acrord32-950.exe,00877eb4c4697d5ece0009e943f249607e2b566eeccdddf8cb5bd6127b76f897,c19c3d1003567b04d329b3e0424a0b7a16bf581a6b2bfd7deae8c840682910e3,e1810e38e0c31f4c2a42004042a081d5ab5ad52a56ad6a55
476,adobe_acrobat_reader_acrord32,acrord32-992.exe,0029dda4e9105e489b3b30cfa3af88e4135dc07f6060699ca17bdc5c77b30d98,4ad5b2a80da03e0a0eb8d99b30da2672b891cdaf997abdda16a751dacaf18ffd,33c1263ee0230fcc0a1e704006bcf9c1cb4a6d2d34b592d2
477,adobe_acrobat_reader_acrord32,acrord32-952.exe,004ed3b132f297f4fca2397e0ce0d4cc997782338a3cd904604bef3517f60eca,57396a6a76cb34d58f1ba208e5202864769ee513217848c15bff20557bcc09d4,631846328c6399ce285408404291a1d5ab5ad52a54a5ea55
478,adobe_acrobat_reader_acrord32,acrord32-936.exe,00be087725f3aa5514265ad6ed65ac4795330b621915a109c71530f6b848a866,6801c4ce0caa570cb9ab4231d4dd90ceb7d160eb2119339fffb70855e5b03c03,631846328ce799ce2a4600424280a9d5ab5ad52a54ad4a55
479,adobe_acrobat_reader_acrord32,acrord32-934.exe,00af6cf32ce808401c4793d60a67be5cc379d70fd907143fd4f28ec5ccaf7b33,5dd6eb62f2b98f16dd55ea7a46f2eb2c0f48bd6a6cf647d1bfe777a3c4034be4,631846328c6399ce2a4410524291a9d5ab5ad52a56b5ea55
480,adobe_acrobat_reader_acrord32,acrord32-969.exe,003cea0138c06fa5b1d7c3249fafdc0b8b60c7a6c59784eb3f9283a3da7081e0,bd4e01e47abfef555f45503bcf3dd46e0be40ddfe563c137d938d7549663d021,631846328ce799ce2a4202420280a9d5ab52952a54ad6a55
481,adobe_acrobat_reader_acrord32,acrord32-918.exe,007b4f1fb77c601a3e51b935f5d9c2044c8cb3fca213d5a12872d1b959f78eb5,e6fbbce2efe442f4024de844066aa848caab09ddbbd4b4df1734739a62d5e0f9,33c13e3ee0030fec0a3e784106bdf1c1cb4a6d2d34b59252
482,adobe_acrobat_reader_acrord32,acrord32-929.exe,0027acc7425aa1736863c48a20f5c0e8cb2104ce7769612ef95d8e8cff2a5ea6,4111503aaa3f39956dc985c9d2ee0c4c08a7cb2d85c869c3877cba24d5131a2d,631846308ce791ce284200404281a1d5ab5ad5aa56a5ea55
