category,imagepath,color_dHash192,filesize,filesha256,imagesha256
lollipop_adware_graftor_VT,./lollipop_adware_graftor_VT/5724_lollipop_12062228.png,48800000000040925200000181011124,2.2MB,006d9b35c7cc0c87c1aa7d7941befc08c4be1b72267dc06d5635f419ab72c7d4,ef8204b260c08af32300ef3bc7299d1c686a54c71073cb1294ec1cf90825a00b
lollipop_adware_graftor_VT,./lollipop_adware_graftor_VT/1024_lollipop_12140006.png,48800000000040925a04020981050224,3MB,001342b62633cddb629679466c6baa45442fff7c2f20e7a83b5821b042c12d77,24d3d5561d4dcbb055422570863dd036afb4d3101857535dc5efb1242e801e92
googleupdate,./googleupdate/5337_googleupdate.png,52b2f645899193130220000000408174d4a9d52a54a8552d,,006618f7c418c071b49da26ace946ace1f2bdb5b63224010dda16ed645acbf2c,52b59b29fee8622e0f502c32787e1d1e824af6d59ad704950e53184f183cd2d5
googleupdate,./googleupdate/10303_googleupdate.png,52b2f62589931313328000800040104254a9d52a54a855af,,00c165d41477c0c75729b9511a63f9a8bef2ffcee41060dd4fa2a5e934307a4b,9a83204c12f3e1c5e6d9a1ed102f89f6f80cb9e1b0741c0634093727ddd6018b
babylon.adware,./babylon/11721_MyBabylonTB.png,a8810081008100d5aa00000000809085,864.6KB,b9b4298c5cbcc201ce8a0cbfd5f4a20b4790aac13ad1ba01627b1c988b97bbf8,74256545f48c9287f6f0b6f878f4af31bb4c8994cab947b935cea92ae7deba3a
babylon.adware,./babylon/11796_Babylon.png,a1008100810081528a00000000800085,725.1KB,cce11c4a25c909e8d144522c580b799cafdd9c8e3ed92fa3b07fb5710ade917e,2d998560c50af7088658b336139a19cf05f05e02f3f9411d6574b20a7a9426d8
bluestacks,./bluestacks/11257_Bluestacks.png,282c2b0aaa1a22b223c3d80d652598908655c4526a782ca9,814.5KB,49dcd654b4d2216c49a6e7b0ca7080749217090ce3cba49dc74b465632607aa6,548a94e8b5c11f313b898ca64718cc537416b4d6739e8752e4a1e7c6d827e08b
bluestacks,./bluestacks/11238_BlueStacksTV.png,282c2b09aa1b20a323c3c80d65659c910655d452e878aca9,623KB,45dde5dbd6a3b567b18d941e0b31955d2944efc19bef2f08b9f141da8856dd7f,07dca33763e6dae7d7d987ebb7cfb71ab76dd386aa60c67f04b1f664174fd285
norton,./norton/6585_norton_download_manager-1.png,31899d0a24d883cc8c3698d95a1965349130056d56960de8,,007deb83ce0e4c5e76df3c290f2088f0a46523a04a7d255521137a5ab19caad0,19cd8c8265d34d52888e8917368dbedf15a812156d85aac92d5654b1b31c2047
norton,./norton/4355_nortonn360downloader.png,31899d4a24d883cc4c3698895a196519b130356dd2d04d6c,,00535530a2be5949d629aca7e7ff44b938ceefa14a9b8f4823d8f94385c683fc,862123f1631e42bf2f087dc3fe7e68ec9278807c286b71c7a03dadd502405875
Backdoor.W32.Cycbot.G,./Backdoor.W32.Cycbot.G/933_C29.png,9209910241a0082a810080008100c21a54e0021eb4e183,292.5KB,001180fb05ed1c9603e6f49ec0465d63f430ed42849127780edb1c8cbefa6804,c5b91191d2785034e411c2e3d479ffdec7a59ba13472207322fd57b5e2a0430a
Backdoor.W32.Cycbot.G,./Backdoor.W32.Cycbot.G/9383_C29.png,842049a440008249aa01000100810051863cf0020f3cf1c1,,00b17934d0939bb98d8096445b240f19c0c766dcd76dce2a4fc7d823872ed2b9,305b8cdcea8c92d66257ff42c7fe91b027c9d610c411b5ccc6a9ebc8577f9005
Backdoor.W32.Cycbot.G,./Backdoor.W32.Cycbot.G/7865_C29.png,1042182244992012a810001018100d11a54a10a1ed5a183,281KB,0095c1bc1e2dcff3b611704fdbc34f84e9bd7b3e5a868fe814bc17fd7cc7afa9,8cf00325bfcb43f61b7ecec78a3f59a000df0cc522f10451b065a74aceb566d0
MySQL,./MySQL/11241_mysqladmin.png,10000000000810f0783e1f0783c1ec9a92a221656d5d5,5.1MB,469d9ccdc7a71119ee45f757f3f7d7364f8a78faa18f5de934e629f4628bb891,96b27508a2e63bd77ff78fe4eec18f5be71997440b6949c32ff92461391e095c
MySQL,./MySQL/11391_mysqld.png,800f07c3e1f0783c1eadad2ca21252d355,37.9MB,68f2cc080cf38f5c1eb953d113d1359ae1d0a9311e0f6773522c26fecac413db,28839f4f87684e854c08036e7818c5d6c96e32dbdab1376adf82b8b5fcc386c7
MySQL,./MySQL/11200_mysql_embedded.png,81800040000000810f0783c1e0f87c3ead2dad2ab2525559,24.1MB,3bcce5b6749fa2c3040b6bb5abc74c14478e2eff06344bb4ddd7ed625ca75752,301ab9f66c5a7cc963c7c4f0edbaf84e413fdaf6baf5f487094e7aa9113fb34d
installer_ Files,./installer__Files/9671_installer_solmysterystolenpower_es.png,280009100000088a545cd99b92a6964926d920db28512ac,,00b6950be6714582dd368899a95622238237ae3c6538d079d0757bb65ee437f7,5548d86e6a4a7153a7baa00fe0398c3e70a7d8f20ced619af3b638a2075f0d67
installer_ Files,./installer__Files/1891_installer_governorofpokerdeluxe_de.png,80009000000088a545cd99b92a6964926d920db285122c,,0024b6c771d43660ada61f231d4530c11e3d127c9335f1fdeed0ae13e238252c,3c691ab5c64dcb7f7b34e43efecf9f4d882b26ed2a0074bce523ddf7170f4dd0
Windows Updates,./Windows_Updates/11308_WindowsServer2003-KB958655-v2-x86-ENU.png,2c2c2622d2d2d999932a4cb64b53a4690603d13578ba2c8f,1.4MB,544241373fccf2f2bf39701cb494269dde7e1e50d3c8d3f985983d348c86c697,616fde40dbf89067776eb01b1d90f24941f2a540f2a87db186567f2b5781ee27
Windows Updates,./Windows_Updates/11394_WindowsInstaller-KB893803-v2-x86.png,2d2c2612d0d1d909932a4cb26b53a4680627c11178fa3c0f,2.5MB,69b61b2c00323cea3686315617d0f452e205dae10c47e02cbe1ea96fea38f582,6c83712f6ffc2e39e59a0057b81564c742ba242496c99761b50f9c20aeb94423
tex,./tex/11252_miktex-luatex.png,a56c4a8b9b92a3ade952f5ac54b13ad42db6464452592cb8,35KB,487a410d2cdcdeeb8eff2b2765be70aef32d6c991adc01a20416e5c3e18ab4c3,dd744a7e5856113bbb218acfb11b8fe64c22cbd13456adf2bf0e0da2dc9b97f6
tex,./tex/11253_bg5pdflatex.png,256c4a8b8b92a9ade95371ac4eb5329429a64644524368b8,16.5KB,4893c9fe396b31ad354072694a0da96387c2d389990a02456c57c278852294da,49a1bc4430c39174c5ad4def5b8440c13530f0f940bfefdccba240887549934b
tex,./tex/11669_miktex-bibtex.png,256c4a8b8b92a92de95371ac46b13a942da64644526328b8,17KB,af72d173f0391b1079814bf329b2e7f2409a062bf83cefd709da728e24902002,e4f98fe1ba4c6f2260dbeb28089041b38e4f56a2694d2b7af90e020636a326c2
tex,./tex/11198_miktex-xetex.png,a56c4a8b9b92a3ad697371ac4eb13a942da646445269acb8,17KB,3b3988eb468cde4b3cbac47e4acd50a8fa5a8a0f5138b54b78391452cf6ab32b,e747ea97a9a9925621941d4b0d10ae818d8923fb031d2429b5e0d3f88416a4dd
adobe_acrobat_reader_acrord32,./adobe_acrobat_reader_acrord32/1515_acrord32-911.png,631846328c6399ce2a524242229181d5ab5ad52a54ad6a55,,001c905f348e13b24e4e469c7db50f7f5d719e8514a3ac985c47779f5820030a,193baf229ac1262211b15c43e8c03c897d0a578fe45faba4a52d9e50e70dd7d6
adobe_acrobat_reader_acrord32,./adobe_acrobat_reader_acrord32/7108_acrord32-950.png,e1810e38e0c31f4c2a42004042a081d5ab5ad52a56ad6a55,,00877eb4c4697d5ece0009e943f249607e2b566eeccdddf8cb5bd6127b76f897,c19c3d1003567b04d329b3e0424a0b7a16bf581a6b2bfd7deae8c840682910e3
adobe_acrobat_reader_acrord32,./adobe_acrobat_reader_acrord32/2148_acrord32-992.png,33c1263ee0230fcc0a1e704006bcf9c1cb4a6d2d34b592d2,,0029dda4e9105e489b3b30cfa3af88e4135dc07f6060699ca17bdc5c77b30d98,4ad5b2a80da03e0a0eb8d99b30da2672b891cdaf997abdda16a751dacaf18ffd
adobe_acrobat_reader_acrord32,./adobe_acrobat_reader_acrord32/6452_acrord32-918.png,33c13e3ee0030fec0a3e784106bdf1c1cb4a6d2d34b59252,,007b4f1fb77c601a3e51b935f5d9c2044c8cb3fca213d5a12872d1b959f78eb5,e6fbbce2efe442f4024de844066aa848caab09ddbbd4b4df1734739a62d5e0f9
